SET check_function_bodies = false;
INSERT INTO public.provider_type (value) VALUES ('credentials');
INSERT INTO public.provider_type (value) VALUES ('email');
INSERT INTO public.provider_type (value) VALUES ('oauth');
INSERT INTO public.provider_type (value) VALUES ('oidc');
INSERT INTO public.users (id, name, email, "emailVerified", image, currency_unit, created_at, last_seen_at, updated_at, strava_user, weight_unit, distance_unit) VALUES ('369b5e55-7e2b-4c81-b6d0-bdc7ff6a7445', 'Sebastian Engel', 'sassellan@googlemail.com', NULL, NULL, NULL, '2024-08-22 02:02:25+00', NULL, NULL, 'juuro', NULL, NULL);
INSERT INTO public.accounts (id, type, provider, "providerAccountId", refresh_token, access_token, expires_at, token_type, scope, id_token, session_state, "userId") VALUES ('d0cd2616-8a29-49c7-8b36-65a03bd17742', 'oidc', 'google', '111737190163692064375', '', 'ya29.a0AcM612zqbp2F2HgBQG0ZLoSIGgcUoYR6N2NsoBh3_SvxZiP8Mp8UK7EQwQg6Y8ZiQBKBR3bJrXZOrKKvZW3Oa-TQ0e2pc9p5g9PEQkUql2Oi2Xdna9mgnqghUXfFGko-y7d-R41X6G8fY-p3uyfwR9cfo8Pp_VNS5YcaCgYKAb8SARESFQHGX2MiIyVWYv4ATCiy0R6luo9sVQ0170', 1724291942, 'bearer', 'https://www.googleapis.com/auth/userinfo.profile https://www.googleapis.com/auth/userinfo.email openid', 'eyJhbGciOiJSUzI1NiIsImtpZCI6ImQyZDQ0NGNmOGM1ZTNhZTgzODZkNjZhMTNhMzE2OTc2YWEzNjk5OTEiLCJ0eXAiOiJKV1QifQ.eyJpc3MiOiJodHRwczovL2FjY291bnRzLmdvb2dsZS5jb20iLCJhenAiOiIxMDIxNTc4NzE0MDYzLWw1OWpibDI4MHNjdHFsMXM2djdpZm9kOXFuZDRtc2NhLmFwcHMuZ29vZ2xldXNlcmNvbnRlbnQuY29tIiwiYXVkIjoiMTAyMTU3ODcxNDA2My1sNTlqYmwyODBzY3RxbDFzNnY3aWZvZDlxbmQ0bXNjYS5hcHBzLmdvb2dsZXVzZXJjb250ZW50LmNvbSIsInN1YiI6IjExMTczNzE5MDE2MzY5MjA2NDM3NSIsImVtYWlsIjoic2Fzc2VsbGFuQGdvb2dsZW1haWwuY29tIiwiZW1haWxfdmVyaWZpZWQiOnRydWUsImF0X2hhc2giOiJKbmtrakhiOEJSWlVEcFBPa0luQVFBIiwibmFtZSI6IlNlYmFzdGlhbiBFbmdlbCIsInBpY3R1cmUiOiJodHRwczovL2xoMy5nb29nbGV1c2VyY29udGVudC5jb20vYS9BQ2c4b2NLMTFweWlUWXVfd1ZlcTdDNnhxZjkwNmV1Nk5hRXM5eGQ2cVEzMHdETTQ0a0tBNEdmVT1zOTYtYyIsImdpdmVuX25hbWUiOiJTZWJhc3RpYW4iLCJmYW1pbHlfbmFtZSI6IkVuZ2VsIiwiaWF0IjoxNzI0Mjg4MzQzLCJleHAiOjE3MjQyOTE5NDN9.iZ2V7PP5m_0e1NOjJoctje3k8SNAbqWdydhLDGDtLXYZMWLhEmFzZgTXuSHpjS08c0XKGDiemu1Hpj-4kD57aN-mrtyD4SRRYhkpMM4OeHy9VczMyAeWO9hCftOTnWVOJ3AAIgP60nvnTpIU6-DgwUBYs10ELRintAVo6Qv3c0WXlsxqiUAH6Or-cYoz3pQgStCFIK8TrBOw2Sa5--walDIZuILroc7A3R8M_Coc51TrK_of22XwBJOn3nLPgr7u6PZplAPn-qQr8Sxgn82fhgJw9NzPbu49mXzKk89_4x8vS27BM6v_TmU1JCHu0inosT5Vl69o6uDqQICUim6-EQ', NULL, '369b5e55-7e2b-4c81-b6d0-bdc7ff6a7445');
INSERT INTO public.category (id, name) VALUES ('8a0c1113-c227-4852-a88d-584af9520d11', 'Mountainbike');
INSERT INTO public.category (id, name) VALUES ('fba3c101-34ab-4653-9d58-e4591d8f63e2', 'Gravelbike');
INSERT INTO public.category (id, name) VALUES ('5883ef42-cea5-4458-8a9a-a848b62e0633', 'Stadtrad');
INSERT INTO public.category (id, name) VALUES ('b759e6e1-06c3-41d0-9cec-88fcf3e0b57f', 'Rennrad');
INSERT INTO public.category (id, name) VALUES ('ad4f0138-7cb3-494f-82e6-cea997195061', 'Trecking');
INSERT INTO public.category (id, name) VALUES ('2fe7300e-c3e8-4cf1-8e68-ec8f3d7a4e6c', 'Touring');
INSERT INTO public.discipline (id, name, abbr) VALUES ('4d9bf7f4-6fed-46ca-84bb-dd72930607a2', 'Cross Country Olympic', 'XCO');
INSERT INTO public.discipline (id, name, abbr) VALUES ('ed9b0a53-e75f-417c-b36c-291f92a0682f', 'Cross Country Marathon', 'XCM');
INSERT INTO public.discipline (id, name, abbr) VALUES ('b27b8030-01b4-440e-bacc-1ad6e0e9bf39', 'Downhill', 'DHI');
INSERT INTO public.discipline (id, name, abbr) VALUES ('652df182-a2ed-4db4-a5e4-4448ed25a5cd', 'Gravel', 'GRA');
INSERT INTO public.discipline (id, name, abbr) VALUES ('61bb661a-a8f0-4341-b5cc-46509799888a', 'Enduro', 'EDR');
INSERT INTO public.discipline (id, name, abbr) VALUES ('8106e03a-654a-4016-b1c7-84833ad9e891', 'Cyclocross', 'CX');
INSERT INTO public.discipline (id, name, abbr) VALUES ('4bc339bb-d956-4b41-a4c2-7078b081dd5e', 'Road', 'R');
INSERT INTO public.discipline (id, name, abbr) VALUES ('31dd52fb-e742-4e69-a860-ed46310ac621', 'Track', 'T');
INSERT INTO public.bike (id, created_at, updated_at, name, ebike, user_id, discipline_id, category_id, strava_bike) VALUES ('12072258-daef-4354-bce8-7adb7e37c8d5', '2024-08-22 01:55:10+00', NULL, 'MOG', false, '369b5e55-7e2b-4c81-b6d0-bdc7ff6a7445', '652df182-a2ed-4db4-a5e4-4448ed25a5cd', 'fba3c101-34ab-4653-9d58-e4591d8f63e2', '12547465');
INSERT INTO public.bike (id, created_at, updated_at, name, ebike, user_id, discipline_id, category_id, strava_bike) VALUES ('d41c2008-b9fc-4890-a700-56a3441e9784', '2024-08-22 01:55:10+00', NULL, 'Blackberry', false, '369b5e55-7e2b-4c81-b6d0-bdc7ff6a7445', '61bb661a-a8f0-4341-b5cc-46509799888a', '8a0c1113-c227-4852-a88d-584af9520d11', '8450877');
INSERT INTO public.bike (id, created_at, updated_at, name, ebike, user_id, discipline_id, category_id, strava_bike) VALUES ('88f0d8a4-5345-4811-b45a-79beae282c5e', '2024-08-22 01:55:10+00', NULL, 'Raspberry', false, '369b5e55-7e2b-4c81-b6d0-bdc7ff6a7445', '4bc339bb-d956-4b41-a4c2-7078b081dd5e', '5883ef42-cea5-4458-8a9a-a848b62e0633', '4782580');
INSERT INTO public.bike (id, created_at, updated_at, name, ebike, user_id, discipline_id, category_id, strava_bike) VALUES ('bad308ea-23be-49ed-8422-827096e35b30', '2024-08-22 01:55:10+00', NULL, 'Cube LTD CC 2008', false, '369b5e55-7e2b-4c81-b6d0-bdc7ff6a7445', 'ed9b0a53-e75f-417c-b36c-291f92a0682f', '5883ef42-cea5-4458-8a9a-a848b62e0633', '1149475');
INSERT INTO public.bike (id, created_at, updated_at, name, ebike, user_id, discipline_id, category_id, strava_bike) VALUES ('a1be4d5e-c815-4495-9d2b-7307441aaf20', '2024-08-22 01:55:10+00', '2025-01-18 17:55:58+00', 'Arcade', false, '369b5e55-7e2b-4c81-b6d0-bdc7ff6a7445', '4d9bf7f4-6fed-46ca-84bb-dd72930607a2', '8a0c1113-c227-4852-a88d-584af9520d11', '4993957');
INSERT INTO public.manufacturer (id, created_at, updated_at, name, country, url) VALUES ('2fe8ed6c-15d1-4a5d-a08b-7e8bf075338f', '2024-08-22 01:55:10+00', NULL, 'Arc8', 'SUI', 'https://www.arc8bicycles.ch');
INSERT INTO public.manufacturer (id, created_at, updated_at, name, country, url) VALUES ('e8fd544f-1434-4ab3-b142-97c2198b8c4a', '2024-08-22 01:55:10+00', NULL, 'Enve', 'USA', 'http://enve.com');
INSERT INTO public.manufacturer (id, created_at, updated_at, name, country, url) VALUES ('8bf3e413-e135-4ed4-bc45-6da8b01da6b0', '2024-08-22 01:55:10+00', NULL, 'Shimano', 'JPN', 'https://www.shimano.com/');
INSERT INTO public.manufacturer (id, created_at, updated_at, name, country, url) VALUES ('53ed3d6c-4c21-4c9c-a052-0fab929a1376', '2024-09-29 00:43:13+00', NULL, 'RockShox', 'USA', 'https://www.sram.com/de/rockshox');
INSERT INTO public.manufacturer (id, created_at, updated_at, name, country, url) VALUES ('2a249327-c62e-4e13-8343-f99e72cb4b6a', '2024-09-29 01:20:51+00', '2024-09-29 01:21:33+00', 'SRAM', 'USA', 'https://www.sram.com');
INSERT INTO public.manufacturer (id, created_at, updated_at, name, country, url) VALUES ('722b7895-3bb0-4230-8ba0-b68d616a32d3', '2024-09-29 01:27:33+00', NULL, 'Trickstuff', 'GER', 'https://www.trickstuff.com/de');
INSERT INTO public.manufacturer (id, created_at, updated_at, name, country, url) VALUES ('74df9378-6d04-4b69-80c0-2ef539680427', '2024-09-29 01:30:38+00', NULL, 'Darimo', 'ESP', 'http://darimo.eu');
INSERT INTO public.manufacturer (id, created_at, updated_at, name, country, url) VALUES ('de16d6b4-8b5c-4660-9e21-65be8882ccaa', '2024-09-29 01:37:45+00', NULL, 'Tune', 'GER', 'https://www.tune.de');
INSERT INTO public.manufacturer (id, created_at, updated_at, name, country, url) VALUES ('b0f1fa29-1783-4f4b-a6f4-c8b5a4f5ecf8', '2024-09-29 01:45:57+00', NULL, 'ESI Grips', 'USA', 'https://esigrips.com');
INSERT INTO public.manufacturer (id, created_at, updated_at, name, country, url) VALUES ('58cf81f5-b6dc-43ed-96d8-03d8a3e005dc', '2024-09-29 02:54:49+00', NULL, 'DT Swiss', 'SUI', 'https://www.dtswiss.com');
INSERT INTO public.manufacturer (id, created_at, updated_at, name, country, url) VALUES ('dcf9c57f-04b6-40bf-8b02-29bdd03cb4a7', '2024-09-29 03:05:09+00', NULL, 'Nextie', 'USA', 'https://www.nextie.com');
INSERT INTO public.manufacturer (id, created_at, updated_at, name, country, url) VALUES ('7cf7a1c0-2cd2-4015-99ea-c26f09ca576c', '2024-09-29 03:08:13+00', NULL, 'Muc-Off', 'GBR', 'https://eu.muc-off.com/de');
INSERT INTO public.manufacturer (id, created_at, updated_at, name, country, url) VALUES ('fa59b40b-3115-4819-9c2a-b2b0d81643e2', '2024-09-29 03:16:19+00', NULL, 'Vittoria', 'ITA', 'https://vittoria.com');
INSERT INTO public.manufacturer (id, created_at, updated_at, name, country, url) VALUES ('ffa159bf-5ddd-44b8-b94e-a01f5f4558f5', '2024-09-29 03:19:27+00', NULL, 'Schwalbe', 'GER', 'https://www.schwalbe.com/en/');
INSERT INTO public.manufacturer (id, created_at, updated_at, name, country, url) VALUES ('e032f4a6-bf49-414d-b406-53ad84daa88d', '2024-09-29 03:27:09+00', NULL, 'Campagnolo', 'ITA', 'https://www.campagnolo.com/de-de/');
INSERT INTO public.manufacturer (id, created_at, updated_at, name, country, url) VALUES ('3c8e5c9f-67bf-4fc8-96e5-6731c7771344', '2024-10-26 13:21:01+00', NULL, 'Dingensdabummens', 'ItalyyyyBiatch', 'http://moep.lol.de');
INSERT INTO public.manufacturer (id, created_at, updated_at, name, country, url) VALUES ('c5a96472-aa8a-45d6-a994-fe2218519e15', '2024-10-26 13:23:02+00', NULL, 'Schubidub', 'Usbekistan', 'https://didel.ub');
INSERT INTO public.part_status (slug, name, available) VALUES ('in_storage', 'In storage', true);
INSERT INTO public.part_status (slug, name, available) VALUES ('under_repair', 'Under repair', true);
INSERT INTO public.part_status (slug, name, available) VALUES ('discarded', 'discarded', false);
INSERT INTO public.part_status (slug, name, available) VALUES ('sold', 'sold', false);
INSERT INTO public.part_status (slug, name, available) VALUES ('planned_for_sale', 'planned for sale', true);
INSERT INTO public.part_status (slug, name, available) VALUES ('for_sale', 'for sale', true);
INSERT INTO public.part_status (slug, name, available) VALUES ('not_for_sale', 'not for sale', true);
INSERT INTO public.part_status (slug, name, available) VALUES ('stolen', 'stolen', false);
INSERT INTO public.part_status (slug, name, available) VALUES ('lost', 'lost', false);
INSERT INTO public.part_status (slug, name, available) VALUES ('broken', 'broken', false);
INSERT INTO public.part_status (slug, name, available) VALUES ('worn', 'worn', false);
INSERT INTO public.part_status (slug, name, available) VALUES ('warranty_claim', 'Warranty claim', true);
INSERT INTO public.parts_type (id, created_at, updated_at, name, max_amount, service_interval) VALUES ('97021dba-dea7-4652-afc8-7c93d151d181', '2024-08-22 01:55:10+00', NULL, 'Frame', 1, NULL);
INSERT INTO public.parts_type (id, created_at, updated_at, name, max_amount, service_interval) VALUES ('0a3cf8a6-e0fc-458a-8087-d795fe3eaf4a', '2024-08-22 01:55:10+00', NULL, 'Handlebar', 1, NULL);
INSERT INTO public.parts_type (id, created_at, updated_at, name, max_amount, service_interval) VALUES ('33025e21-48d2-4766-a1e4-2ab713bfebc4', '2024-08-22 01:55:10+00', NULL, 'Stem', 1, NULL);
INSERT INTO public.parts_type (id, created_at, updated_at, name, max_amount, service_interval) VALUES ('857b2a3d-841f-4759-82dc-bf59f733920f', '2024-08-22 01:55:10+00', NULL, 'Saddle', 1, NULL);
INSERT INTO public.parts_type (id, created_at, updated_at, name, max_amount, service_interval) VALUES ('262749a0-29e2-40f0-8010-c72ef94b2bc9', '2024-08-22 01:55:10+00', NULL, 'Seatpost', 1, NULL);
INSERT INTO public.parts_type (id, created_at, updated_at, name, max_amount, service_interval) VALUES ('678aa860-40d7-4e81-9586-b2bc16c1c374', '2024-08-22 01:55:10+00', NULL, 'Pedal left', 1, NULL);
INSERT INTO public.parts_type (id, created_at, updated_at, name, max_amount, service_interval) VALUES ('4efea679-097d-4cc5-a32d-22300a449cf7', '2024-08-22 01:55:10+00', NULL, 'Pedal right', 1, NULL);
INSERT INTO public.parts_type (id, created_at, updated_at, name, max_amount, service_interval) VALUES ('d984ae12-ddab-47b7-9a19-6e9a8b7a8aa0', '2024-08-22 01:55:10+00', NULL, 'Crank', 1, NULL);
INSERT INTO public.parts_type (id, created_at, updated_at, name, max_amount, service_interval) VALUES ('ecd51a46-3fc7-4822-ab52-ae17d97eb4a8', '2024-08-22 01:55:10+00', NULL, 'Chainring', 3, NULL);
INSERT INTO public.parts_type (id, created_at, updated_at, name, max_amount, service_interval) VALUES ('1e43d3f7-0c09-4f80-828d-af2e86c946aa', '2024-08-22 01:55:10+00', NULL, 'Brake Front', 1, NULL);
INSERT INTO public.parts_type (id, created_at, updated_at, name, max_amount, service_interval) VALUES ('5b3280d3-94ff-43fc-aa34-30ce87028f1f', '2024-08-22 01:55:10+00', NULL, 'Brake rear', 1, NULL);
INSERT INTO public.parts_type (id, created_at, updated_at, name, max_amount, service_interval) VALUES ('c8b9dd2c-4c9a-4d67-9d22-456aa80ade11', '2024-08-22 01:55:10+00', NULL, 'Wheel rear', 1, NULL);
INSERT INTO public.parts_type (id, created_at, updated_at, name, max_amount, service_interval) VALUES ('704ffd21-e322-4d08-9ee8-9a4ee9476d7b', '2024-08-22 01:55:10+00', NULL, 'Wheel front', 1, NULL);
INSERT INTO public.parts_type (id, created_at, updated_at, name, max_amount, service_interval) VALUES ('6ef4def2-4d9d-4669-9b50-49abdbd9ec0e', '2024-08-22 01:55:10+00', NULL, 'Derailleur rear', 1, NULL);
INSERT INTO public.parts_type (id, created_at, updated_at, name, max_amount, service_interval) VALUES ('ee009b93-6a3b-4903-9142-780c9a4e0984', '2024-08-22 01:55:10+00', NULL, 'Derailleur front', 1, NULL);
INSERT INTO public.parts_type (id, created_at, updated_at, name, max_amount, service_interval) VALUES ('fe58b099-0332-4644-b1e7-34514e2c3b32', '2024-08-22 01:55:10+00', NULL, 'Bottom bracket', 1, NULL);
INSERT INTO public.parts_type (id, created_at, updated_at, name, max_amount, service_interval) VALUES ('a3a6700c-3929-4322-898d-dacb5c579b23', '2024-08-22 01:55:10+00', NULL, 'Bell', 1, NULL);
INSERT INTO public.parts_type (id, created_at, updated_at, name, max_amount, service_interval) VALUES ('55ab8a2a-68f4-40bc-9138-a19901001980', '2024-08-22 01:55:10+00', NULL, 'Grips', 1, NULL);
INSERT INTO public.parts_type (id, created_at, updated_at, name, max_amount, service_interval) VALUES ('7d70f6c5-66f7-4031-8ce7-4f21d8ed42f9', '2024-08-22 01:55:10+00', NULL, 'Fork', 1, NULL);
INSERT INTO public.parts_type (id, created_at, updated_at, name, max_amount, service_interval) VALUES ('e0f0ef9e-d324-4118-976d-8af6acebbc88', '2024-08-22 01:55:10+00', NULL, 'Shock', 1, NULL);
INSERT INTO public.parts_type (id, created_at, updated_at, name, max_amount, service_interval) VALUES ('5b1e28eb-d0f8-4c09-8637-a17250dae4ad', '2024-08-22 01:55:10+00', NULL, 'Headset', 1, NULL);
INSERT INTO public.parts_type (id, created_at, updated_at, name, max_amount, service_interval) VALUES ('7ce96678-6606-425b-ad18-3a91f1aa7ea7', '2024-08-22 01:55:10+00', NULL, 'Axle front', 1, NULL);
INSERT INTO public.parts_type (id, created_at, updated_at, name, max_amount, service_interval) VALUES ('981039e4-7b39-4290-88d5-b7482e559938', '2024-08-22 01:55:10+00', NULL, 'Axle rear', 1, NULL);
INSERT INTO public.parts_type (id, created_at, updated_at, name, max_amount, service_interval) VALUES ('de2afcd5-9bf4-4c03-aae0-23618fb8f708', '2024-08-22 01:55:10+00', NULL, 'Derailleur hanger', 1, NULL);
INSERT INTO public.parts_type (id, created_at, updated_at, name, max_amount, service_interval) VALUES ('565410ba-3e8e-4182-bc14-15f26a1ea7a1', '2024-08-22 01:55:10+00', NULL, 'Trigger', 2, NULL);
INSERT INTO public.parts_type (id, created_at, updated_at, name, max_amount, service_interval) VALUES ('159bd122-a564-4d5c-9b70-678842c9d9c2', '2024-08-22 01:55:10+00', NULL, 'Disk', 2, NULL);
INSERT INTO public.parts_type (id, created_at, updated_at, name, max_amount, service_interval) VALUES ('9c7fb361-ae5a-4afe-9d17-4c48dabc9633', '2024-08-22 01:55:10+00', NULL, 'Tyre', 2, NULL);
INSERT INTO public.parts_type (id, created_at, updated_at, name, max_amount, service_interval) VALUES ('df06f047-b5e4-4517-b781-43aa542e4f10', '2024-08-22 01:55:10+00', NULL, 'Tubeless sealant', 2, NULL);
INSERT INTO public.parts_type (id, created_at, updated_at, name, max_amount, service_interval) VALUES ('d7fc34c0-0958-48e9-bee9-6650f146fa98', '2024-08-22 01:55:10+00', NULL, 'Tube', 2, NULL);
INSERT INTO public.parts_type (id, created_at, updated_at, name, max_amount, service_interval) VALUES ('d6111073-db5c-408c-aa3a-df4cc09c8031', '2024-08-22 01:55:10+00', NULL, 'Tubeless insert', 2, NULL);
INSERT INTO public.parts_type (id, created_at, updated_at, name, max_amount, service_interval) VALUES ('ca29800a-afd7-41f2-a4e8-71c058cd9fcc', '2024-08-22 01:55:10+00', NULL, 'Spider', 1, NULL);
INSERT INTO public.parts_type (id, created_at, updated_at, name, max_amount, service_interval) VALUES ('9fc29923-7fc3-46ec-bda2-64f9dd9c84e2', '2024-08-22 01:55:10+00', NULL, 'Powermeter', 1, NULL);
INSERT INTO public.parts_type (id, created_at, updated_at, name, max_amount, service_interval) VALUES ('201aa03c-555c-4242-a0c3-f55f3d292217', '2024-08-22 01:55:10+00', NULL, 'Chain', 1, NULL);
INSERT INTO public.parts_type (id, created_at, updated_at, name, max_amount, service_interval) VALUES ('6b6cf7ae-f272-40d8-9a55-0caa04d99526', '2024-08-22 01:55:10+00', NULL, 'Cassette', 1, NULL);
INSERT INTO public.parts_type (id, created_at, updated_at, name, max_amount, service_interval) VALUES ('c200fd20-baa9-4176-952b-0815dc9add5e', '2024-08-22 01:55:10+00', NULL, 'Computer mount', 1, NULL);
INSERT INTO public.parts_type (id, created_at, updated_at, name, max_amount, service_interval) VALUES ('5954175c-db7d-4343-8eca-5b3a2bc929d0', '2024-08-22 01:55:10+00', NULL, 'Stem/Handlebar combo', 1, NULL);
INSERT INTO public.parts_type (id, created_at, updated_at, name, max_amount, service_interval) VALUES ('dd773323-8d60-4217-985a-3f92533bd92e', '2024-08-22 01:55:10+00', NULL, 'Seatclamp', 1, NULL);
INSERT INTO public.parts_type (id, created_at, updated_at, name, max_amount, service_interval) VALUES ('04243261-62ed-4490-8f17-d923e1ff0bdf', '2024-08-22 01:55:10+00', NULL, 'Breaklever front', 1, NULL);
INSERT INTO public.parts_type (id, created_at, updated_at, name, max_amount, service_interval) VALUES ('f4f8e58b-08a7-40ee-9774-ee7534ecd04b', '2024-08-22 01:55:10+00', NULL, 'Breaklever rear', 1, NULL);
INSERT INTO public.parts_type (id, created_at, updated_at, name, max_amount, service_interval) VALUES ('92d8eef5-3523-4e3c-89b5-daa0eb8c6828', '2024-08-22 01:55:10+00', NULL, 'Breaksaddle rear', 1, NULL);
INSERT INTO public.parts_type (id, created_at, updated_at, name, max_amount, service_interval) VALUES ('f65ca26d-ec9f-4418-abe8-a78ecd73677f', '2024-08-22 01:55:10+00', NULL, 'Breaksaddle front', 1, NULL);
INSERT INTO public.parts_type (id, created_at, updated_at, name, max_amount, service_interval) VALUES ('5cc985cf-7fb4-4b77-b900-b220ba8e9a68', '2024-08-22 01:55:10+00', NULL, 'Break pads', 2, NULL);
INSERT INTO public.part (id, created_at, updated_at, manufacturer_id, buy_price, sell_price, name, weight, type_id, purchase_date, receipt, secondhand, shop_url, part_status_slug, user_id, model_year) VALUES ('d82af1fa-e0db-4150-9f48-00c989cb98b2', '2024-08-22 01:55:10+00', '2024-09-27 21:04:31+00', 'e8fd544f-1434-4ab3-b142-97c2198b8c4a', 399, NULL, 'In-Route Stem', 130, '33025e21-48d2-4766-a1e4-2ab713bfebc4', '2024-08-02 00:00:00+00', NULL, false, '', 'not_for_sale', '369b5e55-7e2b-4c81-b6d0-bdc7ff6a7445', 2023);
INSERT INTO public.part (id, created_at, updated_at, manufacturer_id, buy_price, sell_price, name, weight, type_id, purchase_date, receipt, secondhand, shop_url, part_status_slug, user_id, model_year) VALUES ('ccb1a1cc-96c5-44f6-89ac-c2ae3c004454', '2024-08-22 01:55:10+00', '2024-09-27 21:04:52+00', 'e8fd544f-1434-4ab3-b142-97c2198b8c4a', 1500, NULL, '3.4', 700, '704ffd21-e322-4d08-9ee8-9a4ee9476d7b', '2024-09-02 00:00:00+00', NULL, false, '', 'not_for_sale', '369b5e55-7e2b-4c81-b6d0-bdc7ff6a7445', 2022);
INSERT INTO public.part (id, created_at, updated_at, manufacturer_id, buy_price, sell_price, name, weight, type_id, purchase_date, receipt, secondhand, shop_url, part_status_slug, user_id, model_year) VALUES ('90429158-73e4-4aed-a7e3-79107729ef45', '2024-08-22 01:55:10+00', '2024-09-27 21:04:59+00', '8bf3e413-e135-4ed4-bc45-6da8b01da6b0', 200, NULL, 'XTR', 150, '678aa860-40d7-4e81-9586-b2bc16c1c374', '2024-09-02 00:00:00+00', NULL, false, '', 'not_for_sale', '369b5e55-7e2b-4c81-b6d0-bdc7ff6a7445', 2022);
INSERT INTO public.part (id, created_at, updated_at, manufacturer_id, buy_price, sell_price, name, weight, type_id, purchase_date, receipt, secondhand, shop_url, part_status_slug, user_id, model_year) VALUES ('7bad89c7-2a19-4d47-8da3-dd4dfbfac461', '2024-08-22 01:55:10+00', '2024-09-27 21:05:38+00', 'e8fd544f-1434-4ab3-b142-97c2198b8c4a', 299, NULL, 'Seatpost', 181, '262749a0-29e2-40f0-8010-c72ef94b2bc9', '2024-06-07 00:00:00+00', NULL, false, '', 'not_for_sale', '369b5e55-7e2b-4c81-b6d0-bdc7ff6a7445', 2023);
INSERT INTO public.part (id, created_at, updated_at, manufacturer_id, buy_price, sell_price, name, weight, type_id, purchase_date, receipt, secondhand, shop_url, part_status_slug, user_id, model_year) VALUES ('1a76ae31-d044-40e3-8990-fd63185411a7', '2024-08-22 01:55:10+00', '2024-09-27 21:05:44+00', 'e8fd544f-1434-4ab3-b142-97c2198b8c4a', 1500, NULL, '3.4', 800, 'c8b9dd2c-4c9a-4d67-9d22-456aa80ade11', '2024-09-03 00:00:00+00', NULL, false, '', 'not_for_sale', '369b5e55-7e2b-4c81-b6d0-bdc7ff6a7445', 2022);
INSERT INTO public.part (id, created_at, updated_at, manufacturer_id, buy_price, sell_price, name, weight, type_id, purchase_date, receipt, secondhand, shop_url, part_status_slug, user_id, model_year) VALUES ('98016677-6997-401b-9c03-a3fd7485280e', '2024-08-22 01:55:10+00', '2024-09-27 21:05:50+00', 'e8fd544f-1434-4ab3-b142-97c2198b8c4a', 3833, NULL, 'MOG', 1000, '97021dba-dea7-4652-afc8-7c93d151d181', '2023-05-11 00:00:00+00', NULL, false, 'mohawks.eu', 'not_for_sale', '369b5e55-7e2b-4c81-b6d0-bdc7ff6a7445', 2023);
INSERT INTO public.part (id, created_at, updated_at, manufacturer_id, buy_price, sell_price, name, weight, type_id, purchase_date, receipt, secondhand, shop_url, part_status_slug, user_id, model_year) VALUES ('a2f3b294-bdb6-414d-a616-64fccc812aa3', '2024-08-22 01:55:10+00', '2024-09-27 21:05:58+00', '8bf3e413-e135-4ed4-bc45-6da8b01da6b0', 200, NULL, 'XTR', 150, '4efea679-097d-4cc5-a32d-22300a449cf7', '2024-09-11 00:00:00+00', NULL, false, '', 'not_for_sale', '369b5e55-7e2b-4c81-b6d0-bdc7ff6a7445', 2022);
INSERT INTO public.part (id, created_at, updated_at, manufacturer_id, buy_price, sell_price, name, weight, type_id, purchase_date, receipt, secondhand, shop_url, part_status_slug, user_id, model_year) VALUES ('3e810b7c-88a1-4dd6-826a-93a94db40ca3', '2024-08-22 01:55:10+00', '2024-11-02 22:46:40+00', '2fe8ed6c-15d1-4a5d-a08b-7e8bf075338f', 3290, NULL, 'Evolve FS', 1830, '97021dba-dea7-4652-afc8-7c93d151d181', '2023-05-16 00:00:00+00', NULL, false, 'https://www.arc8bicycles.de', 'broken', '369b5e55-7e2b-4c81-b6d0-bdc7ff6a7445', 2022);
INSERT INTO public.part (id, created_at, updated_at, manufacturer_id, buy_price, sell_price, name, weight, type_id, purchase_date, receipt, secondhand, shop_url, part_status_slug, user_id, model_year) VALUES ('fd677759-0f30-4b2f-96d3-fec30c2ab677', '2024-09-23 00:42:33+00', '2024-09-27 22:34:26+00', '8bf3e413-e135-4ed4-bc45-6da8b01da6b0', 13, NULL, 'Dingens', 0, '0a3cf8a6-e0fc-458a-8087-d795fe3eaf4a', '2024-09-13 00:00:00+00', NULL, false, '', 'broken', '369b5e55-7e2b-4c81-b6d0-bdc7ff6a7445', 1913);
INSERT INTO public.part (id, created_at, updated_at, manufacturer_id, buy_price, sell_price, name, weight, type_id, purchase_date, receipt, secondhand, shop_url, part_status_slug, user_id, model_year) VALUES ('5410e694-5fd6-46d1-8e11-0b96adb60287', '2024-10-26 13:23:03+00', '2024-11-03 00:57:31+00', 'c5a96472-aa8a-45d6-a994-fe2218519e15', 13, NULL, 'Judo', 24, '5cc985cf-7fb4-4b77-b900-b220ba8e9a68', '2024-10-01 00:00:00+00', NULL, false, '', 'broken', '369b5e55-7e2b-4c81-b6d0-bdc7ff6a7445', 1987);
INSERT INTO public.part (id, created_at, updated_at, manufacturer_id, buy_price, sell_price, name, weight, type_id, purchase_date, receipt, secondhand, shop_url, part_status_slug, user_id, model_year) VALUES ('0c4dbd10-fe54-4951-86f9-c90fec2cf507', '2024-09-29 03:27:10+00', NULL, 'e032f4a6-bf49-414d-b406-53ad84daa88d', 33, NULL, 'AFS Center Lock 160 mm', 45, '159bd122-a564-4d5c-9b70-678842c9d9c2', '2024-09-04 00:00:00+00', NULL, false, '', 'not_for_sale', '369b5e55-7e2b-4c81-b6d0-bdc7ff6a7445', 2022);
INSERT INTO public.part (id, created_at, updated_at, manufacturer_id, buy_price, sell_price, name, weight, type_id, purchase_date, receipt, secondhand, shop_url, part_status_slug, user_id, model_year) VALUES ('63c85edf-6641-4693-8540-aaa007e90b32', '2024-10-26 13:21:02+00', NULL, '3c8e5c9f-67bf-4fc8-96e5-6731c7771344', 12, NULL, 'Karate', 23, 'a3a6700c-3929-4322-898d-dacb5c579b23', '2024-10-02 00:00:00+00', NULL, false, '', 'not_for_sale', '369b5e55-7e2b-4c81-b6d0-bdc7ff6a7445', 2023);
INSERT INTO public.part (id, created_at, updated_at, manufacturer_id, buy_price, sell_price, name, weight, type_id, purchase_date, receipt, secondhand, shop_url, part_status_slug, user_id, model_year) VALUES ('46e23f5c-cd4f-4fd8-8dad-55cbfee6f120', '2024-08-22 01:55:10+00', '2024-11-02 22:45:28+00', '8bf3e413-e135-4ed4-bc45-6da8b01da6b0', 10, NULL, 'XTR', 60, '159bd122-a564-4d5c-9b70-678842c9d9c2', '2024-09-03 00:00:00+00', NULL, true, '', 'broken', '369b5e55-7e2b-4c81-b6d0-bdc7ff6a7445', 2010);
INSERT INTO public.part (id, created_at, updated_at, manufacturer_id, buy_price, sell_price, name, weight, type_id, purchase_date, receipt, secondhand, shop_url, part_status_slug, user_id, model_year) VALUES ('0f2a6bf0-ef43-444e-974c-cf0fe9b8ceb7', '2024-09-28 14:11:33+00', '2024-11-03 01:04:53+00', '8bf3e413-e135-4ed4-bc45-6da8b01da6b0', 200, NULL, 'XX1', 158, '6ef4def2-4d9d-4669-9b50-49abdbd9ec0e', '2023-03-13 00:00:00+00', NULL, true, '', 'warranty_claim', '369b5e55-7e2b-4c81-b6d0-bdc7ff6a7445', 2020);
INSERT INTO public.part (id, created_at, updated_at, manufacturer_id, buy_price, sell_price, name, weight, type_id, purchase_date, receipt, secondhand, shop_url, part_status_slug, user_id, model_year) VALUES ('05dc415c-8311-4e2e-b286-4be20d510637', '2024-08-22 01:55:10+00', '2024-11-03 01:28:28+00', '8bf3e413-e135-4ed4-bc45-6da8b01da6b0', 3, NULL, 'XTR', 5, '33025e21-48d2-4766-a1e4-2ab713bfebc4', '2024-09-04 00:00:00+00', NULL, false, '', 'broken', '369b5e55-7e2b-4c81-b6d0-bdc7ff6a7445', 1987);
INSERT INTO public.part (id, created_at, updated_at, manufacturer_id, buy_price, sell_price, name, weight, type_id, purchase_date, receipt, secondhand, shop_url, part_status_slug, user_id, model_year) VALUES ('eb321b54-0123-404f-8909-a518ac0e1477', '2024-08-22 01:55:10+00', '2024-11-03 01:28:43+00', '8bf3e413-e135-4ed4-bc45-6da8b01da6b0', 30, NULL, 'XTR', 50, '159bd122-a564-4d5c-9b70-678842c9d9c2', '2024-09-05 00:00:00+00', NULL, false, '', 'lost', '369b5e55-7e2b-4c81-b6d0-bdc7ff6a7445', 2022);
INSERT INTO public.installation (id, part_id, bike_id, installed_at, uninstalled_at) VALUES ('7be2b9c5-5f23-4cd4-9d7c-7e2237a107f4', '1a76ae31-d044-40e3-8990-fd63185411a7', '12072258-daef-4354-bce8-7adb7e37c8d5', '2024-09-22 17:10:48+00', NULL);
INSERT INTO public.installation (id, part_id, bike_id, installed_at, uninstalled_at) VALUES ('a0aa597c-9f61-494f-b144-53ed261d9a27', 'ccb1a1cc-96c5-44f6-89ac-c2ae3c004454', '12072258-daef-4354-bce8-7adb7e37c8d5', '2024-09-22 17:10:55+00', NULL);
INSERT INTO public.installation (id, part_id, bike_id, installed_at, uninstalled_at) VALUES ('2ec1cfe2-cba8-4ded-9bf4-6333575083d0', '98016677-6997-401b-9c03-a3fd7485280e', '12072258-daef-4354-bce8-7adb7e37c8d5', '2024-09-22 17:11:23+00', NULL);
INSERT INTO public.installation (id, part_id, bike_id, installed_at, uninstalled_at) VALUES ('333ded3e-0ee8-4f8b-9098-5d465c8a6eab', '7bad89c7-2a19-4d47-8da3-dd4dfbfac461', '12072258-daef-4354-bce8-7adb7e37c8d5', '2024-09-22 17:23:48+00', '2024-09-22 17:51:29+00');
INSERT INTO public.installation (id, part_id, bike_id, installed_at, uninstalled_at) VALUES ('14de7561-49a9-416e-8f00-504126407eb1', 'd82af1fa-e0db-4150-9f48-00c989cb98b2', '12072258-daef-4354-bce8-7adb7e37c8d5', '2024-09-22 17:11:13+00', '2024-09-22 17:52:14+00');
INSERT INTO public.installation (id, part_id, bike_id, installed_at, uninstalled_at) VALUES ('030cdaa1-3b4d-4f77-a548-d002d78c7bb5', '3e810b7c-88a1-4dd6-826a-93a94db40ca3', 'a1be4d5e-c815-4495-9d2b-7307441aaf20', '2024-09-22 17:13:06+00', '2024-09-22 18:08:46+00');
INSERT INTO public.installation (id, part_id, bike_id, installed_at, uninstalled_at) VALUES ('f216c8ed-114a-4182-9c1e-dbf93152a176', '7bad89c7-2a19-4d47-8da3-dd4dfbfac461', '12072258-daef-4354-bce8-7adb7e37c8d5', '2024-09-22 18:28:12+00', NULL);
INSERT INTO public.installation (id, part_id, bike_id, installed_at, uninstalled_at) VALUES ('d9e775a6-482c-4e93-974a-99b0faf22fbc', '05dc415c-8311-4e2e-b286-4be20d510637', 'a1be4d5e-c815-4495-9d2b-7307441aaf20', '2024-09-22 18:28:16+00', '2024-09-22 18:28:19+00');
INSERT INTO public.installation (id, part_id, bike_id, installed_at, uninstalled_at) VALUES ('79328898-2308-4596-bce3-a7d08dce9950', '46e23f5c-cd4f-4fd8-8dad-55cbfee6f120', 'a1be4d5e-c815-4495-9d2b-7307441aaf20', '2024-09-22 16:47:36+00', '2024-09-22 23:29:14+00');
INSERT INTO public.installation (id, part_id, bike_id, installed_at, uninstalled_at) VALUES ('41212fc3-454c-4fe6-953e-13af4a291764', '05dc415c-8311-4e2e-b286-4be20d510637', 'a1be4d5e-c815-4495-9d2b-7307441aaf20', '2024-09-22 23:41:32+00', '2024-09-22 23:42:41+00');
INSERT INTO public.installation (id, part_id, bike_id, installed_at, uninstalled_at) VALUES ('b11edae4-79b4-430c-bf07-549abbc71af8', '05dc415c-8311-4e2e-b286-4be20d510637', '12072258-daef-4354-bce8-7adb7e37c8d5', '2024-09-23 00:16:51+00', '2024-09-23 00:29:09+00');
INSERT INTO public.installation (id, part_id, bike_id, installed_at, uninstalled_at) VALUES ('04c5d695-4504-4a40-8bcf-dc9b3b69052f', '05dc415c-8311-4e2e-b286-4be20d510637', 'a1be4d5e-c815-4495-9d2b-7307441aaf20', '2024-09-23 00:29:10+00', '2024-09-28 21:56:03+00');
INSERT INTO public.installation (id, part_id, bike_id, installed_at, uninstalled_at) VALUES ('e8ba3453-d86b-4f53-942e-b9529993d486', '05dc415c-8311-4e2e-b286-4be20d510637', 'a1be4d5e-c815-4495-9d2b-7307441aaf20', '2024-09-28 21:56:10+00', '2024-09-28 21:56:22+00');
INSERT INTO public.installation (id, part_id, bike_id, installed_at, uninstalled_at) VALUES ('33098c28-9d4f-49ab-a200-2b005bc0f806', '0c4dbd10-fe54-4951-86f9-c90fec2cf507', '12072258-daef-4354-bce8-7adb7e37c8d5', '2024-09-12 00:00:00+00', NULL);
INSERT INTO public.installation (id, part_id, bike_id, installed_at, uninstalled_at) VALUES ('9b9441e0-be34-4cf1-a8a6-71444c28dfd6', '63c85edf-6641-4693-8540-aaa007e90b32', '12072258-daef-4354-bce8-7adb7e37c8d5', '2024-10-11 00:00:00+00', NULL);
INSERT INTO public.installation (id, part_id, bike_id, installed_at, uninstalled_at) VALUES ('b8699b9b-5ab7-4103-927a-d6977796e5bc', 'eb321b54-0123-404f-8909-a518ac0e1477', 'a1be4d5e-c815-4495-9d2b-7307441aaf20', '2024-09-22 17:04:53+00', '2024-10-26 13:40:00+00');
INSERT INTO public.installation (id, part_id, bike_id, installed_at, uninstalled_at) VALUES ('4bfa229d-b75f-4333-9d1a-161d72288c32', '05dc415c-8311-4e2e-b286-4be20d510637', 'a1be4d5e-c815-4495-9d2b-7307441aaf20', '2024-09-28 21:56:31+00', '2024-11-02 22:45:26+00');
INSERT INTO public.installation (id, part_id, bike_id, installed_at, uninstalled_at) VALUES ('de68db5a-64cf-48c2-9a58-e672b71996e8', '46e23f5c-cd4f-4fd8-8dad-55cbfee6f120', 'a1be4d5e-c815-4495-9d2b-7307441aaf20', '2024-09-22 23:29:31+00', '2024-11-02 22:45:27+00');
INSERT INTO public.installation (id, part_id, bike_id, installed_at, uninstalled_at) VALUES ('5335df20-377f-46ef-a36a-3a6c13db6031', 'a2f3b294-bdb6-414d-a616-64fccc812aa3', 'a1be4d5e-c815-4495-9d2b-7307441aaf20', '2024-09-22 17:10:40+00', '2024-11-02 22:45:36+00');
INSERT INTO public.installation (id, part_id, bike_id, installed_at, uninstalled_at) VALUES ('03dfa249-0da6-4d1d-a943-cf81021b0ffe', '90429158-73e4-4aed-a7e3-79107729ef45', 'a1be4d5e-c815-4495-9d2b-7307441aaf20', '2024-09-22 17:12:49+00', '2024-11-02 22:46:41+00');
INSERT INTO public.installation (id, part_id, bike_id, installed_at, uninstalled_at) VALUES ('f1b4e257-bc0d-4e16-96ed-12f4186a316e', '90429158-73e4-4aed-a7e3-79107729ef45', 'a1be4d5e-c815-4495-9d2b-7307441aaf20', '2024-11-02 22:48:18+00', NULL);
INSERT INTO public.installation (id, part_id, bike_id, installed_at, uninstalled_at) VALUES ('205c90c8-d921-46db-8ebd-1382479d331e', 'a2f3b294-bdb6-414d-a616-64fccc812aa3', 'a1be4d5e-c815-4495-9d2b-7307441aaf20', '2024-11-02 22:48:21+00', NULL);
INSERT INTO public.installation (id, part_id, bike_id, installed_at, uninstalled_at) VALUES ('0e0f3445-ea71-45ed-b051-b23697469276', '5410e694-5fd6-46d1-8e11-0b96adb60287', '12072258-daef-4354-bce8-7adb7e37c8d5', '2024-10-11 00:00:00+00', '2024-11-02 22:52:02+00');
INSERT INTO public.installation (id, part_id, bike_id, installed_at, uninstalled_at) VALUES ('9b03c812-aeec-4b51-a0a9-6e0a818491fc', 'd82af1fa-e0db-4150-9f48-00c989cb98b2', '12072258-daef-4354-bce8-7adb7e37c8d5', '2024-09-22 18:28:07+00', '2024-11-03 01:01:10+00');
INSERT INTO public.installation (id, part_id, bike_id, installed_at, uninstalled_at) VALUES ('f1cf4652-451f-4783-a3f0-aa2ac0e71923', '0f2a6bf0-ef43-444e-974c-cf0fe9b8ceb7', '12072258-daef-4354-bce8-7adb7e37c8d5', '2024-09-03 00:00:00+00', '2024-11-03 01:04:17+00');
INSERT INTO public.installation (id, part_id, bike_id, installed_at, uninstalled_at) VALUES ('87b1ff7b-46ce-4faa-b8e7-91e0f79b1866', '3e810b7c-88a1-4dd6-826a-93a94db40ca3', 'a1be4d5e-c815-4495-9d2b-7307441aaf20', '2024-09-22 18:22:54+00', '2025-01-18 16:48:16+00');
INSERT INTO public.sessions (id, "sessionToken", "userId", expires) VALUES ('f51ea745-e274-4bd7-9aa1-5756516ae42a', '54104834-3325-48d8-a75e-b6f149c9547f', '369b5e55-7e2b-4c81-b6d0-bdc7ff6a7445', '2024-10-20 22:41:07.4+00');
